,valeur_fonciere
0,660000
1,1104000
2,1070000
3,565000
4,135000
5,310000
6,204150
7,1236150
8,350000
9,1193260
10,460000
11,660000
12,2428300
13,277000
14,172050
15,325000
16,660000
17,1380000
18,455000
19,180950
20,397000
21,490000
22,710200
23,770000
24,470000
25,660000
26,1212500
27,500000
28,365000
29,168000
30,816000
31,285000
32,265000
33,294663
34,370000
35,266500
36,1756300
37,850000
38,1311733
39,880000
40,904762
41,830000
42,492000
43,365000
44,263600
45,1136585
46,210000
47,553000
48,590000
49,233000
50,2080000
51,190000
52,410000
53,944000
54,435000
55,1330000
56,2320000
57,560000
58,400230
59,126000
60,1060000
61,447000
62,675000
63,343500
64,285000
65,355000
66,195000
67,300000
68,119000
69,385000
70,875600
71,725000
72,665000
73,156800
74,2745200
75,665000
76,644990
77,382200
78,1467700
79,555000
80,1833710
81,460000
82,385000
83,263000
84,245000
85,290000
86,470000
87,310000
88,795113
89,580000
90,1071500
91,360000
92,530000
93,1901898
94,1034000
95,345100
96,625000
97,401000
98,1100000
99,485000
100,2933770
101,219500
102,465000
103,350000
104,1490385
105,337250
106,58000
107,747000
108,204500
109,580000
110,330000
111,298000
112,216000
113,440000
114,1004000
115,676890
116,781080
117,411340
118,1100000
119,860000
120,650000
121,870000
122,330375
123,506000
124,865000
125,210000
126,533000
127,450000
128,180000
129,2000000
130,695000
131,307500
132,1850000
133,1640900
134,1500000
135,286550
136,558125
137,3179900
138,409500
139,1400000
140,536320
141,450000
142,330000
143,1160000
144,2700000
145,303000
146,275000
147,515030
148,305000
149,225200
150,314330
151,580000
152,380000
153,340000
154,310000
155,210000
156,680000
157,760000
158,510200
159,2146036
160,480000
161,750000
162,568000
163,1650000
164,235000
165,465500
166,450000
167,435000
168,328550
169,350000
170,1515000
171,812300
172,250950
173,210000
174,850000
175,698700
176,353000
177,180000
178,1015000
179,200000
180,1030000
181,314000
182,188000
183,1780000
184,860950
185,282000
186,480000
187,850000
188,211400
189,375000
190,102000
191,381500
192,370000
193,382300
194,865300
195,382907
196,180000
197,803000
198,290000
199,766000
200,1385450
201,337000
202,170000
203,650000
204,270000
205,320000
206,1550000
207,145000
208,336000
209,485000
210,340000
211,1066400
212,1778850
213,1800000
214,1775000
215,215000
216,890000
217,260000
218,229000
219,500000
220,535000
221,705100
222,761400
223,465000
224,1173440
225,535000
226,310000
227,571000
228,595000
229,210000
230,385000
231,447950
232,1250000
233,579500
234,585000
235,3170000
236,115000
237,247000
238,545000
239,496053
240,168000
241,177000
242,829500
243,345000
244,700000
245,525000
246,540000
247,340000
248,400000
249,330000
250,551961
251,1100000
252,450201
253,266667
254,1200000
255,284000
256,420000
257,1275000
258,272000
259,470000
260,1250000
261,1162000
262,410000
263,1450000
264,325000
265,362000
266,289000
267,369560
268,1905250
269,910600
270,308330
271,367000
272,238250
273,1200000
274,792935
275,626808
276,270000
277,400000
278,362500
279,383000
280,188073
281,5250000
282,495000
283,890000
284,1430000
285,375000
286,340000
287,143000
288,685000
289,685396
290,563000
291,294000
292,495000
293,330800
294,259350
295,2217500
296,230000
297,2160000
298,770000
299,1095000
300,94350
301,165000
302,300000
303,243300
304,400000
305,1749300
306,620800
307,585500
308,606000
309,310000
310,385000
311,3264000
312,485000
313,600000
314,280000
315,525000
316,265760
317,453100
318,1600000
319,1940000
320,3509477
321,332000
322,895200
323,349000
324,695000
325,625000
326,296688
327,419600
328,195000
329,297350
330,550000
331,594700
332,428000
333,115000
334,155000
335,295000
336,651000
337,203000
338,295000
339,365000
340,901800
341,155000
342,2708619
343,285000
344,373000
345,430000
346,213000
347,418000
348,1279550
349,316000
350,425000
351,698200
352,380000
353,536000
354,560000
355,125000
356,525000
357,203000
358,350000
359,277000
360,520000
361,712000
362,330000
363,307052
364,613650
365,1896800
366,275000
367,390000
368,423980
369,760000
370,300000
371,333000
372,370000
373,865000
374,546200
375,390000
376,418550
377,1188790
378,339000
379,486630
380,1010000
381,401450
382,460000
383,545000
384,770000
385,415500
386,1270000
387,134000
388,450000
389,825200
390,2100000
391,325000
392,445000
393,249000
394,322500
395,763350
396,280000
397,252450
398,190000
399,615000
400,350000
401,252000
402,465000
403,710150
404,767000
405,346000
406,593000
407,751000
408,304500
409,475200
410,1140000
411,2750000
412,506000
413,368600
414,341000
415,325000
416,698621
417,725000
418,600000
419,465150
420,319000
421,700000
422,538100
423,683000
424,2184466
425,600000
426,690000
427,1115000
428,520000
429,1144000
430,615000
431,284000
432,275000
433,815000
434,103000
435,2550000
436,108500
437,111700
438,207000
439,1100000
440,557692
441,258000
442,699000
443,410750
444,545000
445,380000
446,242550
447,1441000
448,1487950
449,265000
450,373000
451,397370
452,1000000
453,1155000
454,219280
455,320000
456,85000
457,1380000
458,1270700
459,495011
460,940000
461,505000
462,540000
463,399430
464,675000
465,1224200
466,1010000
467,360000
468,355000
469,460000
470,317000
471,170000
472,480000
473,650000
474,782900
475,1087500
476,596500
477,480000
478,264000
479,315000
480,480000
481,1390000
482,594600
483,529000
484,700000
485,750000
486,538000
487,221000
488,219050
489,2729400
490,775000
491,528000
492,86500
493,287000
494,297900
495,810000
496,237720
497,600000
498,355000
499,880300
500,327800
501,204000
502,705000
503,190650
504,240000
505,258000
506,480000
507,820800
508,1068900
509,447619
510,209000
511,441805
512,300000
513,1700000
514,232000
515,570000
516,148430
517,730000
518,586000
519,267650
520,990000
521,662000
522,550000
523,650000
524,450000
525,225600
526,339000
527,361000
528,130000
529,367670
530,255500
531,560000
532,210000
533,599000
534,263000
535,190000
536,1778850
537,425500
538,705000
539,475000
540,1460800
541,453000
542,396400
543,161000
544,146000
545,1346000
546,731500
547,947490
548,567650
549,850000
550,526050
551,688000
552,385000
553,340000
554,230000
555,1350000
556,225000
557,760760
558,1650000
559,56000
560,243500
561,280000
562,624756
563,340000
564,114000
565,1548000
566,675000
567,633390
568,70000
569,179220
570,750000
571,289623
572,495000
573,475000
574,125000
575,314000
576,180555
577,190000
578,309000
579,313000
580,856000
581,207000
582,1531300
583,155000
584,340000
585,585000
586,200000
587,604000
588,268000
589,234000
590,191500
591,1250000
592,290000
593,183000
594,400000
595,1030000
596,300000
597,149600
598,870000
599,1031637
600,1457000
601,736125
602,900000
603,995000
604,369000
605,184038
606,199000
607,305000
608,245000
609,224000
610,506600
611,245000
612,450000
613,450000
614,615810
615,300000
616,725000
617,306000
618,190000
619,1125000
620,222000
621,705000
622,1313475
623,297000
624,600000
625,723700
626,1124750
627,477672
628,630100
629,884250
630,347000
631,277050
632,1015000
633,910000
634,595000
635,1029000
636,587500
637,390000
638,822000
639,460000
640,950000
641,210000
642,722956
643,946500
644,504000
645,130000
646,689504
647,615310
648,110000
649,1953710
650,720500
651,530000
652,333000
653,610000
654,454316
655,2695000
656,338000
657,489000
658,455000
659,240000
660,494000
661,613600
662,325000
663,410000
664,1545000
665,650000
666,800000
667,860000
668,245000
669,2592000
670,516000
671,302500
672,330000
673,210000
674,1010500
675,570930
676,1228000
677,414000
678,1800000
679,828530
680,719000
681,583090
682,328000
683,273585
684,173030
685,870300
686,720000
687,1523810
688,280000
689,755170
690,210000
691,793807
692,636020
693,361957
694,386000
695,490000
696,940000
697,252000
698,245000
699,886500
700,2450000
701,150000
702,285000
703,240000
704,1880590
705,825700
706,775000
707,328000
708,927000
709,860000
710,3200000
711,2476000
712,420000
713,1500000
714,572000
715,285000
716,240000
717,1330000
718,995120
719,301920
720,470000
721,1200000
722,285000
723,450000
724,1285000
725,1153980
726,930000
727,1284300
728,530000
729,840000
730,470000
731,387000
732,833400
733,1258100
734,472750
735,715000
736,842000
737,206000
738,576450
739,1650000
740,2900000
741,1280700
742,285000
743,336000
744,1084660
745,1690000
746,303750
747,663461
748,4377870
749,565400
750,97000
751,115000
752,393000
753,2060000
754,1230000
755,464000
756,297000
757,481000
758,415000
759,686850
760,3130000
761,569900
762,432693
763,400000
764,402000
765,875000
766,1190000
767,181000
768,410500
769,1157100
770,1976075
771,315000
772,900000
773,1061500
774,188000
775,260500
776,755000
777,380000
778,515000
779,633000
780,450000
781,547658
782,440000
783,473993
784,205000
785,441600
786,210000
787,1250000
788,260000
789,2423000
790,364500
791,318150
792,446900
793,446000
794,434000
795,374000
796,1018850
797,357500
798,430000
799,340310
800,990000
801,112530
802,278000
803,573815
804,340000
805,350000
806,3000000
807,185000
808,330580
809,1180000
810,847500
811,521212
812,252500
813,630000
814,2531900
815,334000
816,1018415
817,545900
818,495000
819,637000
820,571760
821,670000
822,415000
823,492500
824,280000
825,318900
826,567450
827,535000
828,312900
829,520000
830,352000
831,850000
832,580000
833,666666
834,615800
835,301304
836,500000
837,323060
838,1820000
839,430000
840,538460
841,265000
842,370000
843,1980000
844,341205
845,386360
846,750000
847,558000
848,126000
849,390000
850,495000
851,1110000
852,270550
853,1860000
854,610500
855,759000
856,245000
857,390000
858,2174600
859,220910
860,330000
861,290000
862,781291
863,182603
864,150000
865,685000
866,607000
867,182000
868,564900
869,437000
870,1380000
871,385200
872,240000
873,1374650
874,540000
875,2340734
876,236000
877,200000
878,335000
879,852252
880,1010525
881,355000
882,375000
883,400000
884,364000
885,236550
886,488500
887,75000
888,285000
889,348000
890,300000
891,203000
892,1009200
893,1650000
894,207000
895,815000
896,312150
897,850000
898,2700000
899,120500
900,470000
901,210000
902,1175500
903,304000
904,845100
905,1175910
906,190400
907,3500000
908,120000
909,640000
910,2606000
911,250000
912,200000
913,340000
914,338000
915,302000
916,1310000
917,360000
918,300000
919,717000
920,418000
921,550000
922,120000
923,580000
924,656000
925,300000
926,300000
927,745000
928,485000
929,185000
930,405000
931,765000
932,600000
933,390000
934,538462
935,180000
936,490000
937,392500
938,410300
939,2659800
940,775000
941,132000
942,710000
943,894000
944,275000
945,240000
946,700000
947,204500
948,150222
949,1833600
950,1568750
951,145000
952,988000
953,803350
954,430300
955,95000
956,490000
957,533300
958,1020000
959,768977
960,1370000
961,1599000
962,522000
963,240000
964,1130000
965,345000
966,875000
967,910000
968,372000
969,1200000
970,1101050
971,1487500
972,243800
973,360000
974,950000
975,810500
976,338500
977,135000
978,300000
979,322863
980,1277000
981,252000
982,255925
983,955500
984,533000
985,375000
986,671000
987,167000
988,551060
989,1629518
990,283000
991,338680
992,715000
993,2150000
994,800007
995,368130
996,470000
997,204500
998,270000
999,210000
1000,195000
1001,285000
1002,317500
1003,545000
1004,190000
1005,155000
1006,322315
1007,365000
1008,371200
1009,450000
1010,530000
1011,352450
1012,418200
1013,665000
1014,450000
1015,183720
1016,847500
1017,345000
1018,187000
1019,373440
1020,380000
1021,505000
1022,921830
1023,616000
1024,375595
1025,1719700
1026,292000
1027,315000
1028,1250000
1029,337000
1030,596000
1031,290000
1032,266246
1033,270532
1034,1261000
1035,2100900
1036,597000
1037,494400
1038,368000
1039,968644
1040,148000
1041,317000
1042,510000
1043,346600
1044,656850
1045,490000
1046,362788
1047,127000
1048,2200000
1049,826230
1050,495000
1051,465000
1052,130000
1053,1240000
1054,752000
1055,775500
1056,1085000
1057,144691
1058,145000
1059,355000
1060,206600
1061,360000
1062,626665
1063,520000
1064,140000
1065,302000
1066,290000
1067,690000
1068,228000
1069,345000
1070,94280
1071,335000
1072,248000
1073,670000
1074,445000
1075,229000
1076,1472750
1077,149360
1078,1500000
1079,626968
1080,327000
1081,245000
1082,275000
1083,342000
1084,300000
1085,525000
1086,830000
1087,429000
1088,560000
1089,206298
1090,395000
1091,486550
1092,585000
1093,532170
1094,532000
1095,1154000
1096,1175000
1097,495000
1098,398500
1099,682000
1100,607000
1101,579000
1102,280000
1103,320000
1104,512000
1105,255745
1106,320000
1107,150300
1108,1015000
1109,315000
1110,589000
1111,470000
1112,315000
1113,628000
1114,1500000
1115,355000
1116,671000
1117,597600
1118,256900
1119,371900
1120,1078030
1121,759615
1122,1370000
1123,610250
1124,558332
1125,614320
1126,109000
1127,310000
1128,2395000
1129,250000
1130,250000
1131,165000
1132,359000
1133,367000
1134,4223305
1135,370000
1136,895000
1137,1610000
1138,1038510
1139,2600000
1140,340000
1141,628015
1142,200000
1143,491000
1144,1162500
1145,2996950
1146,900000
1147,220300
1148,880500
1149,234470
1150,1463700
1151,240000
1152,437000
1153,3465000
1154,385000
1155,267500
1156,185000
1157,646900
1158,565000
1159,500000
1160,480000
1161,269450
1162,2200000
1163,404000
1164,907200
1165,575000
1166,325000
1167,260000
1168,176900
1169,1350000
1170,465000
1171,450000
1172,995300
1173,284500
1174,770000
1175,461000
1176,165950
1177,198710
1178,275000
1179,302000
1180,770000
1181,672880
1182,393675
1183,913000
1184,565500
1185,395000
1186,525500
1187,480700
1188,176000
1189,300000
1190,175000
1191,420000
1192,903000
1193,527500
1194,790000
1195,344000
1196,882200
1197,166800
1198,490000
1199,300000
1200,1055100
1201,342800
1202,330000
1203,1027500
1204,337000
1205,134300
1206,1895000
1207,1000000
1208,160850
1209,556150
1210,520000
1211,314780
1212,2340000
1213,126000
1214,317650
1215,725000
1216,572300
1217,933000
1218,198000
1219,317750
1220,2255000
1221,287000
1222,693500
1223,299000
1224,660994
1225,556800
1226,394240
1227,1250000
1228,345000
1229,404000
1230,276375
1231,710000
1232,366435
1233,940000
1234,965000
1235,167000
1236,475000
1237,790000
1238,1186600
1239,435000
1240,249400
1241,285000
1242,199000
1243,239222
1244,382500
1245,1405038
1246,205000
1247,338000
1248,921500
1249,508000
1250,125350
1251,433740
1252,378250
1253,1250000
1254,910000
1255,720000
1256,385000
1257,400000
1258,861650
1259,466100
1260,270000
1261,1995000
1262,465000
1263,636500
1264,329000
1265,375000
1266,1285000
1267,547750
1268,892880
1269,240000
1270,370000
1271,235000
1272,650000
1273,565000
1274,475000
1275,381040
1276,110000
1277,255500
1278,725800
1279,300300
1280,360700
1281,930590
1282,325000
1283,364250
1284,300000
1285,417000
1286,1657190
1287,250000
1288,150000
1289,377000
1290,3800000
1291,770000
1292,196000
1293,541000
1294,370000
1295,540000
1296,2600000
1297,499000
1298,343000
1299,650000
1300,325550
1301,826700
1302,2431400
1303,636000
1304,391450
1305,567700
1306,485000
1307,860000
1308,1116500
1309,1379000
1310,280000
1311,320000
1312,2535000
1313,799610
1314,700000
1315,450000
1316,627000
1317,377050
1318,1233110
1319,1150000
1320,1740000
1321,2458000
1322,425000
1323,255000
1324,969000
1325,813900
1326,120000
1327,1620000
1328,785000
1329,761300
1330,1340000
1331,234000
1332,693500
1333,184500
1334,119000
1335,538000
1336,421521
1337,424000
1338,640000
1339,348500
1340,579000
1341,2045000
1342,1250000
1343,178000
1344,2000000
1345,268000
1346,420000
1347,510000
1348,808000
1349,450000
1350,485000
1351,415000
1352,220000
1353,1000000
1354,667500
1355,436000
1356,147750
1357,330000
1358,298705
1359,1000000
1360,402500
1361,612000
1362,810000
1363,442308
1364,319100
1365,347883
1366,260000
1367,513000
1368,2080000
1369,252000
1370,140600
1371,180000
1372,860000
1373,280000
1374,260000
1375,480000
1376,230000
1377,200000
1378,131140
1379,123000
1380,904761
1381,542000
1382,320000
1383,320000
1384,685000
1385,475000
1386,295000
1387,302000
1388,340000
1389,1005000
1390,335000
1391,340000
1392,1650000
1393,285000
1394,585000
1395,1050000
1396,130000
1397,567135
1398,2360752
1399,588000
1400,1300000
1401,3290700
1402,772947
1403,189500
1404,278958
1405,315000
1406,375000
1407,695000
1408,555860
1409,791000
1410,1486000
1411,585000
1412,194000
1413,550000
1414,700000
1415,680000
1416,1193200
1417,388000
1418,1045000
1419,430000
1420,450200
1421,607235
1422,1543900
1423,553800
1424,225000
1425,328000
1426,260000
1427,555900
1428,1180000
1429,845322
1430,89000
1431,732000
1432,709500
1433,370000
1434,225600
1435,597700
1436,586300
1437,390600
1438,1850000
1439,342000
1440,395000
1441,550000
1442,420000
1443,408500
1444,745000
1445,436750
1446,425000
1447,1234400
1448,420000
1449,342300
1450,364800
1451,745000
1452,381000
1453,504679
1454,405000
1455,570000
1456,277000
1457,641900
1458,145100
1459,310000
1460,823800
1461,730000
1462,225000
1463,330000
1464,519250
1465,1160000
1466,450000
1467,495400
1468,590100
1469,960175
1470,249000
1471,330000
1472,510000
1473,310000
1474,790000
1475,365000
1476,885000
1477,525000
1478,330000
1479,445000
1480,719500
1481,434965
1482,150000
1483,886000
1484,330000
1485,1106500
1486,1340000
1487,1455000
1488,160000
1489,210000
1490,146000
1491,430080
1492,224440
1493,276380
1494,250000
1495,1168000
1496,227170
1497,300900
1498,572000
1499,290000
1500,680000
1501,396000
1502,653050
1503,775000
1504,315000
1505,395000
1506,500000
1507,477000
1508,332500
1509,327000
1510,346500
1511,520000
1512,2268250
1513,264000
1514,1075180
1515,355000
1516,1020000
1517,304000
1518,603020
1519,435000
1520,325000
1521,889720
1522,2852115
1523,350000
1524,220000
1525,666400
1526,1333333
1527,310000
1528,1100000
1529,285000
1530,1385000
1531,133000
1532,862200
1533,383000
1534,597500
1535,290050
1536,315000
1537,300000
1538,104530
1539,1200000
1540,450500
1541,440000
1542,900000
1543,572500
1544,188500
1545,164000
1546,250000
1547,286400
1548,367200
1549,940000
1550,736300
1551,270000
1552,550000
1553,776000
1554,438000
1555,422000
1556,1500000
1557,528000
1558,637400
1559,114000
1560,931600
1561,2200000
1562,137000
1563,295000
1564,252500
1565,250000
1566,580000
1567,138190
1568,235000
1569,454650
1570,450000
1571,1067093
1572,144200
1573,481416
1574,1500000
1575,290000
1576,633000
1577,590000
1578,375000
1579,747300
1580,216000
1581,476900
1582,523809
1583,182500
1584,808450
1585,895900
1586,638130
1587,177500
1588,52000
1589,770800
1590,316768
1591,1606050
1592,1550000
1593,1358600
1594,170000
1595,200000
1596,453000
1597,530750
1598,1290450
1599,220500
1600,2873300
1601,299000
1602,265080
1603,126450
1604,2042500
1605,342500
1606,990000
1607,630000
1608,242000
1609,1136190
1610,365000
1611,372915
1612,874000
1613,215000
1614,470000
1615,547000
1616,3345000
1617,1500000
1618,406000
1619,393000
1620,158000
1621,410000
1622,673150
1623,423000
1624,247700
1625,353000
1626,2100305
1627,590000
1628,740000
1629,554690
1630,445000
1631,265000
1632,344960
1633,691287
1634,3970000
1635,368500
1636,353500
1637,3366052
1638,1337930
1639,530000
1640,110000
1641,363000
1642,820000
1643,388640
1644,170000
1645,187000
1646,545000
1647,430000
1648,540000
1649,444000
1650,580000
1651,329000
1652,854243
1653,416900
1654,510000
1655,245000
1656,95000
1657,449000
1658,587000
1659,1470000
1660,458500
1661,353800
1662,405000
1663,705000
1664,820750
1665,175000
1666,446760
1667,862000
1668,810000
1669,728500
1670,2218500
1671,250000
1672,325900
1673,307000
1674,1150000
1675,678000
1676,100000
1677,1412061
1678,353770
1679,225000
1680,615020
1681,490000
1682,1190000
1683,631600
1684,347000
1685,225000
1686,342000
1687,1155000
1688,390000
1689,112500
1690,1175000
1691,230000
1692,1851000
1693,1387706
1694,1366942
1695,410000
1696,420000
1697,559610
1698,172000
1699,295000
1700,415000
1701,230000
1702,145000
1703,780000
1704,360000
1705,380050
1706,710000
1707,822500
1708,883950
1709,358000
1710,1550000
1711,1085800
1712,799450
1713,384000
1714,192000
1715,160000
1716,540000
1717,282000
1718,661000
1719,2545000
1720,623090
1721,1665400
1722,905660
1723,210000
1724,312500
1725,291000
1726,930000
1727,1298000
1728,345000
1729,322000
1730,279986
1731,371747
1732,472500
1733,279000
1734,1630000
1735,250250
1736,495000
1737,268600
1738,1096700
1739,200000
1740,492500
1741,415000
1742,2512300
1743,950000
1744,395000
1745,224000
1746,1400550
1747,340000
1748,439100
1749,412000
1750,185000
1751,768900
1752,410000
1753,913000
1754,550280
1755,390000
1756,139000
1757,760000
1758,791951
1759,1220000
1760,419500
1761,533095
1762,315000
1763,672410
1764,745500
1765,450000
1766,850000
1767,630000
1768,293600
1769,720470
1770,2040000
1771,840000
1772,258000
1773,182470
1774,551950
1775,622000
1776,874000
1777,3990000
1778,720000
1779,715200
1780,210000
1781,375150
1782,2260000
1783,407500
1784,372675
1785,995945
1786,220000
1787,630000
1788,205000
1789,412512
1790,1222500
1791,120000
1792,835000
1793,320000
1794,304000
1795,277000
1796,2125000
1797,168500
1798,1200000
1799,270000
1800,975000
1801,2098000
1802,600000
1803,1140000
1804,328250
1805,410000
1806,550000
1807,3590320
1808,1185000
1809,495000
1810,711980
1811,363900
1812,3254700
1813,624000
1814,260000
1815,290000
1816,407733
1817,265000
1818,205000
1819,144000
1820,445000
1821,430000
1822,318212
1823,415000
1824,157500
1825,625000
1826,490500
1827,1530000
1828,215000
1829,349950
1830,405600
1831,530000
1832,107000
1833,260000
1834,319048
1835,914180
1836,615000
1837,140000
1838,950000
1839,1255718
1840,1456320
1841,69000
1842,1600000
1843,310000
1844,450822
1845,1080000
1846,665500
1847,968750
1848,423850
1849,900000
1850,430000
1851,105000
1852,337000
1853,407550
1854,355000
1855,432875
1856,632500
1857,470000
1858,524809
1859,735000
1860,570000
1861,671450
1862,730000
1863,810000
1864,475000
1865,510000
1866,1000000
1867,543550
1868,797237
1869,285000
1870,280000
1871,405109
1872,340000
1873,315722
1874,1153000
1875,495000
1876,258500
1877,230888
1878,140860
1879,419000
1880,810275
1881,1172300
1882,225000
1883,428150
1884,206000
1885,950000
1886,1898000
1887,394200
1888,493000
1889,488000
1890,534115
1891,377000
1892,1100000
1893,258000
1894,680000
1895,190000
1896,608250
1897,931500
1898,363308
1899,490000
1900,410000
1901,660000
1902,226990
1903,513359
1904,785000
1905,557622
1906,397200
1907,492850
1908,465000
1909,488000
1910,1380000
1911,349000
1912,470000
1913,1333000
1914,1382800
1915,215000
1916,1100000
1917,441750
1918,230000
1919,270000
1920,245000
1921,890000
1922,1360300
1923,1020000
1924,192000
1925,184762
1926,167000
1927,350000
1928,410000
1929,110000
1930,520000
1931,443000
1932,450000
1933,471000
1934,445000
1935,274075
1936,294717
1937,822000
1938,429676
1939,1022700
1940,278000
1941,984825
1942,402547
1943,873000
1944,2170000
1945,1018500
1946,510000
1947,1400000
1948,180000
1949,216000
1950,485000
1951,285000
1952,322600
1953,1445400
1954,666000
1955,391942
1956,554000
1957,885000
1958,600000
1959,1232600
1960,207000
1961,405000
1962,547000
1963,415950
1964,1212500
1965,224280
1966,590000
1967,718000
1968,954600
1969,5890500
1970,575000
1971,405000
1972,385000
1973,1120000
1974,860000
1975,931000
1976,795000
1977,1000000
1978,361000
1979,246096
1980,1513150
1981,450000
1982,591000
1983,645000
1984,747750
1985,663110
1986,2500000
1987,1900000
1988,380940
1989,578600
1990,786860
1991,185000
1992,512580
1993,1750000
1994,399000
1995,472600
1996,169000
1997,420000
1998,600000
1999,1868990
2000,328000
2001,376700
2002,231200
2003,270000
2004,884185
2005,784072
2006,346710
2007,530000
2008,565830
2009,2500000
2010,2271500
2011,435000
2012,510000
2013,1459300
2014,225000
2015,355000
2016,550000
2017,486000
2018,130000
2019,225000
2020,1250000
2021,1623850
2022,590000
2023,305000
2024,197000
2025,327000
2026,780000
2027,1250000
2028,161000
2029,415000
2030,407000
2031,775000
2032,1930300
2033,621000
2034,769900
2035,1189300
2036,220000
2037,555000
2038,197830
2039,228500
2040,341000
2041,340000
2042,465000
2043,610000
2044,439320
2045,443000
2046,422000
2047,480000
2048,331700
2049,460000
2050,285000
2051,305000
2052,261065
2053,475000
2054,510000
2055,830000
2056,234500
2057,770000
2058,330000
2059,1125000
2060,370000
2061,255500
2062,710000
2063,278500
2064,370000
2065,513000
2066,3200000
2067,1300000
2068,1070000
2069,223250
2070,378440
2071,320000
2072,327000
2073,494000
2074,310000
2075,203000
2076,586500
2077,1350000
2078,1475000
2079,370000
2080,1500000
2081,615000
2082,489740
2083,1215000
2084,621700
2085,222000
2086,285000
2087,1550000
2088,250000
2089,675300
2090,513000
2091,590000
2092,250000
2093,290900
2094,570000
2095,192000
2096,288700
2097,163000
2098,665000
2099,1161250
2100,1547850
2101,552000
2102,303000
2103,870000
2104,235000
2105,397000
2106,698600
2107,730000
2108,551900
2109,1720000
2110,430000
2111,280000
2112,1025000
2113,613486
2114,300000
2115,525900
2116,2150000
2117,600000
2118,975000
2119,665000
2120,327000
2121,393204
2122,109000
2123,250000
2124,2775000
2125,692000
2126,420000
2127,532500
2128,1074000
2129,1276300
2130,480000
2131,228000
2132,359000
2133,705585
2134,400800
2135,1400000
2136,333000
2137,620874
2138,542910
2139,670000
2140,238000
2141,301700
2142,429340
2143,573600
2144,270000
2145,1165000
2146,1690821
2147,860000
2148,291000
2149,337000
2150,120000
2151,663000
2152,155000
2153,299611
2154,695000
2155,900000
2156,270000
2157,247775
2158,2825000
2159,212500
2160,922500
2161,452176
2162,2600000
2163,137000
2164,856000
2165,412000
2166,730000
2167,4134520
2168,560000
2169,772057
2170,228000
2171,255230
2172,366000
2173,892850
2174,625000
2175,693250
2176,620000
2177,338000
2178,1140354
2179,1800000
2180,818760
2181,385000
2182,1320000
2183,926550
2184,1350000
2185,513500
2186,295000
2187,2225000
2188,180000
2189,390000
2190,385000
2191,242916
2192,969185
2193,150000
2194,745000
2195,141000
2196,275000
2197,317537
2198,415000
2199,680910
2200,450000
2201,995000
2202,377404
2203,300000
2204,430000
2205,415000
2206,172182
2207,600000
2208,314000
2209,1765000
2210,276000
2211,126000
2212,626200
2213,381100
2214,472000
2215,341000
2216,1540000
2217,1089735
2218,130000
2219,420000
2220,1320000
2221,720000
2222,190700
2223,325000
2224,367500
2225,129000
2226,580000
2227,500000
2228,244925
2229,480000
2230,1565000
2231,200000
2232,225000
2233,195000
2234,320000
2235,421500
2236,680000
2237,540000
2238,555000
2239,694000
2240,558780
2241,355400
2242,220000
2243,398500
2244,580000
2245,360000
2246,365000
2247,769200
2248,436000
2249,250000
2250,237530
2251,622800
2252,525000
2253,50000
2254,288000
2255,585200
2256,522500
2257,755385
2258,348411
2259,105000
2260,712150
2261,2100000
2262,1240000
2263,525000
2264,367550
2265,310000
2266,310000
2267,243450
2268,426600
2269,240000
2270,270000
2271,970000
2272,360171
2273,383877
2274,320870
2275,350000
2276,323150
2277,1581500
2278,590000
2279,295000
2280,310160
2281,710000
2282,1250000
2283,192000
2284,460000
2285,218000
2286,415000
2287,1700000
2288,600000
2289,940000
2290,965000
2291,315420
2292,120000
2293,1690000
2294,166200
2295,470000
2296,470000
2297,900000
2298,242000
2299,286000
2300,1262000
2301,655200
2302,175000
2303,1050800
2304,395000
2305,1040000
2306,500000
2307,188000
2308,232450
2309,280000
2310,400000
2311,730000
2312,623850
2313,306050
2314,774700
2315,193000
2316,190000
2317,390000
2318,394000
2319,198000
2320,780000
2321,350000
2322,1100000
2323,250000
2324,350000
2325,363000
2326,215000
2327,220000
2328,335100
2329,600000
2330,245000
2331,4300000
2332,530000
2333,578950
2334,691000
2335,204100
2336,180000
2337,386895
2338,160000
2339,571429
2340,1297600
2341,585000
2342,550000
2343,190000
2344,263890
2345,120000
2346,324000
2347,680000
2348,400000
2349,325000
2350,180000
2351,452000
2352,735000
2353,3165340
2354,727190
2355,400000
2356,1600000
2357,723620
2358,176500
2359,302000
2360,1440000
2361,950600
2362,4917100
2363,145000
2364,573100
2365,499000
2366,377000
2367,1200000
2368,1100000
2369,310000
2370,400000
2371,690000
2372,282700
2373,375000
2374,251700
2375,356350
2376,350000
2377,320000
2378,1120000
2379,2853200
2380,504400
2381,441603
2382,3230000
2383,259000
2384,1058560
2385,657740
2386,426460
2387,306750
2388,1660000
2389,220000
2390,135000
2391,505000
2392,810000
2393,211700
2394,689600
2395,1500000
2396,509850
2397,349057
2398,359200
2399,740000
2400,519000
2401,478400
2402,640000
2403,3410000
2404,580000
2405,370000
2406,800000
2407,1946000
2408,208250
2409,1150555
2410,399880
2411,885000
2412,400000
2413,257580
2414,285000
2415,1950000
2416,330000
2417,285965
2418,950000
2419,1292550
2420,741700
2421,472000
2422,2492360
2423,1105470
2424,491400
2425,205000
2426,504700
2427,295000
2428,1002500
2429,2621359
2430,1048000
2431,650000
2432,348450
2433,400000
2434,420000
2435,711000
2436,394000
2437,137000
2438,882500
2439,330000
2440,410650
2441,1010550
2442,520000
2443,970000
2444,1665000
2445,420000
2446,290000
2447,353250
2448,318500
2449,296000
2450,578800
2451,672750
2452,370000
2453,1626850
2454,740000
2455,2100000
2456,248000
2457,338100
2458,542500
2459,255000
2460,1154000
2461,260000
2462,1390000
2463,220000
2464,363700
2465,375400
2466,4600000
2467,910000
2468,338000
2469,1025000
2470,518650
2471,340000
2472,550000
2473,172580
2474,329830
2475,455000
2476,205000
2477,2075000
2478,235000
2479,670000
2480,191900
2481,511000
2482,1405010
2483,415000
2484,444530
2485,138000
2486,195000
2487,946000
2488,225000
2489,200780
2490,470000
2491,1190000
2492,330000
2493,400000
2494,393900
2495,385000
2496,333000
2497,673000
2498,172000
2499,165000
2500,395000
2501,219600
2502,191000
2503,261920
2504,72000
2505,412800
2506,649800
2507,564700
2508,356500
2509,2273147
2510,768000
2511,170000
2512,699530
2513,302000
2514,345000
2515,340000
2516,310000
2517,168000
2518,830000
2519,435300
2520,281000
2521,1034380
2522,570000
2523,1180000
2524,395000
2525,295000
2526,1000000
2527,700000
2528,411809
2529,296200
2530,350000
2531,1465000
2532,250000
2533,1189400
2534,1000000
2535,679000
2536,273000
2537,295000
2538,315000
2539,520000
2540,445000
2541,793000
2542,217000
2543,425000
2544,185000
2545,794250
2546,601500
2547,317000
2548,465000
2549,320000
2550,515000
2551,308650
2552,563070
2553,960000
2554,1770000
2555,760000
2556,702000
2557,657563
2558,749990
2559,555000
2560,624385
2561,375000
2562,975000
2563,1065000
2564,649400
2565,375000
2566,700000
2567,400000
2568,470249
2569,1050000
2570,349500
2571,295000
2572,899345
2573,255000
2574,331667
2575,320000
2576,401675
2577,425000
2578,500000
2579,133906
2580,869625
2581,250000
2582,287000
2583,284340
2584,385000
2585,929000
2586,672000
2587,575000
2588,257000
2589,720000
2590,160000
2591,483800
2592,737500
2593,816275
2594,2169320
2595,572816
2596,2300000
2597,180000
2598,439350
2599,360000
2600,790000
2601,267500
2602,680000
2603,955000
2604,339150
2605,270600
2606,385000
2607,558500
2608,300000
2609,340000
2610,272000
2611,722500
2612,505000
2613,284729
2614,686000
2615,459000
2616,215000
2617,319089
2618,380000
2619,165800
2620,352000
2621,209600
2622,487463
2623,157000
2624,545184
2625,622750
2626,1573890
2627,744000
2628,340500
2629,376000
2630,4123000
2631,446500
2632,1265000
2633,855000
2634,910000
2635,1500000
2636,420000
2637,220000
2638,1402400
2639,590000
2640,110000
2641,456257
2642,300000
2643,456250
2644,574420
2645,362000
2646,90000
2647,1581000
2648,273500
2649,991500
2650,280000
2651,342000
2652,278000
2653,489000
2654,2801244
2655,157000
2656,1140930
2657,310000
2658,800602
2659,251000
2660,200000
2661,1400000
2662,496200
2663,685000
2664,438030
2665,150000
2666,1021600
2667,1060000
2668,361600
2669,565000
2670,1120000
2671,253500
2672,1980000
2673,954395
2674,288533
2675,1190000
2676,865000
2677,1237500
2678,343000
2679,330000
2680,813750
2681,354500
2682,141000
2683,471170
2684,233000
2685,590000
2686,1070192
2687,727700
2688,235000
2689,524000
2690,645000
2691,870000
2692,260000
2693,273000
2694,603000
2695,455000
2696,270000
2697,2500000
2698,348450
2699,147000
2700,345000
2701,550724
2702,2149800
2703,206000
2704,212000
2705,178540
2706,720000
2707,343332
2708,407000
2709,385000
2710,315000
2711,321000
2712,1110000
2713,354000
2714,520000
2715,1850961
2716,280000
2717,715950
2718,620000
2719,350000
2720,1310000
2721,451500
2722,645000
2723,312500
2724,420000
2725,380000
2726,640000
2727,480000
2728,537000
2729,1130000
2730,245000
2731,190000
2732,395000
2733,410000
2734,499600
2735,404000
2736,135000
2737,1724700
2738,1275000
2739,547000
2740,120000
2741,1092500
2742,295900
2743,320000
2744,605000
2745,393000
2746,290000
2747,717700
2748,1299000
2749,200000
2750,4291180
2751,699000
2752,595800
2753,390000
2754,1335000
2755,306000
2756,684150
2757,328000
2758,310000
2759,360000
2760,858810
2761,493500
2762,1707850
2763,916100
2764,735500
2765,320000
2766,554022
2767,270000
2768,422350
2769,350000
2770,296634
2771,530000
2772,1075000
2773,825400
2774,197921
2775,2020000
2776,600000
2777,390000
2778,664000
2779,507000
2780,2000000
2781,1850000
2782,590000
2783,603860
2784,420000
2785,420000
2786,838400
2787,1935150
2788,2857500
2789,806000
2790,1590000
2791,236350
2792,320000
2793,503800
2794,1240180
2795,1119700
2796,305000
2797,325000
2798,595200
2799,875000
2800,1000000
2801,627000
2802,1538800
2803,250000
2804,512500
2805,930000
2806,780000
2807,987600
2808,230000
2809,1335000
2810,608000
2811,730000
2812,595000
2813,350000
2814,325000
2815,554000
2816,561905
2817,259000
2818,1350000
2819,165000
2820,605400
2821,295000
2822,424000
2823,890700
2824,490000
2825,531213
2826,1272500
2827,560000
2828,3350000
2829,624540
2830,530000
2831,1600000
2832,1915250
2833,580000
2834,515000
2835,780000
2836,325000
2837,208000
2838,1601000
2839,380000
2840,330250
2841,750000
2842,450000
2843,635000
2844,565000
2845,445000
2846,340000
2847,615000
2848,277623
2849,320000
2850,315000
2851,726500
2852,1022000
2853,410400
2854,362162
2855,449500
2856,339000
2857,325000
2858,910000
2859,650000
2860,550000
2861,270000
2862,705000
2863,358000
2864,325000
2865,500000
2866,346000
2867,513000
2868,326000
2869,310000
2870,620300
2871,414000
2872,430000
2873,220000
2874,345000
2875,525000
2876,240000
2877,373700
2878,270000
2879,622600
2880,275000
2881,534997
2882,2340000
2883,305000
2884,325000
2885,480000
2886,228000
2887,225000
2888,250800
2889,327000
2890,200000
2891,425000
2892,350000
2893,258000
2894,265000
2895,660000
2896,261905
2897,541800
2898,331000
2899,349000
2900,380000
2901,401400
2902,63000
2903,650000
2904,313000
2905,310000
2906,530000
2907,820000
2908,1045000
2909,765000
2910,352500
2911,207000
2912,520000
2913,190000
2914,2540500
2915,625000
2916,932600
2917,1655000
2918,1199550
2919,501000
2920,380000
2921,114000
2922,390000
2923,500000
2924,465000
2925,339000
2926,130000
2927,390000
2928,923000
2929,1772200
2930,633830
2931,187000
2932,567140
2933,1584500
2934,387950
2935,175000
2936,545620
2937,131000
2938,153000
2939,884235
2940,379100
2941,760000
2942,483091
2943,488000
2944,327000
2945,857000
2946,750000
2947,745000
2948,166900
2949,1040000
2950,530000
2951,1140000
2952,704900
2953,440000
2954,150000
2955,2951100
2956,242000
2957,921950
2958,1202800
2959,1232000
2960,287500
2961,530000
2962,450000
2963,190000
2964,735000
2965,110000
2966,2800000
2967,490500
2968,1021500
2969,298077
2970,1750000
2971,1429700
2972,640000
2973,195000
2974,493000
2975,607000
2976,168200
2977,777000
2978,333500
2979,291750
2980,1551000
2981,282952
2982,1017200
2983,350000
2984,649000
2985,300000
2986,490000
2987,320000
2988,1758250
2989,253860
2990,1080050
2991,290000
2992,144545
2993,265000
2994,288000
2995,215000
2996,335830
2997,151000
2998,139500
2999,480000
3000,949900
3001,374000
3002,1395000
3003,552820
3004,1109680
3005,162000
3006,690000
3007,603550
3008,440000
3009,182000
3010,310000
3011,138179
3012,640000
3013,925000
3014,650000
3015,730000
3016,429000
3017,154000
3018,87000
3019,936600
3020,313540
3021,850000
3022,385000
3023,437150
3024,488000
3025,699000
3026,303790
3027,400000
3028,310000
3029,370000
3030,454150
3031,373000
3032,365500
3033,288040
3034,434000
3035,2326000
3036,1000000
3037,312500
3038,1530050
3039,1270000
3040,410000
3041,390000
3042,3308090
3043,523000
3044,1219500
3045,210000
3046,568700
3047,607100
3048,1159000
3049,975000
3050,502000
3051,240000
3052,239500
3053,910000
3054,129800
3055,756000
3056,530000
3057,636300
3058,1750000
3059,1050000
3060,740560
3061,130000
3062,216000
3063,243000
3064,398135
3065,480000
3066,285000
3067,570000
3068,1205000
3069,997750
3070,471250
3071,670000
3072,567200
3073,280000
3074,355000
3075,220000
3076,105000
3077,837600
3078,2559997
3079,321200
3080,300500
3081,225000
3082,175000
3083,317500
3084,400332
3085,285000
3086,190000
3087,781800
3088,390000
3089,838000
3090,527000
3091,335000
3092,1372000
3093,1788000
3094,100000
3095,115000
3096,196800
3097,503880
3098,200000
3099,1440000
3100,445000
3101,605000
3102,834725
3103,513000
3104,410305
3105,1490000
3106,175000
3107,238000
3108,1614850
3109,214000
3110,320000
3111,1925000
3112,330000
3113,142895
3114,170000
3115,175000
3116,491230
3117,321155
3118,430000
3119,1524300
3120,365000
3121,421000
3122,510000
3123,300000
3124,965000
3125,565000
3126,615000
3127,1450000
3128,740000
3129,435000
3130,941602
3131,390000
3132,176465
3133,95000
3134,310426
3135,315000
3136,425000
3137,425000
3138,297800
3139,1073800
3140,310000
3141,320000
3142,309000
3143,734900
3144,529000
3145,560000
3146,320000
3147,1992000
3148,582500
3149,1086000
3150,1230000
3151,481000
3152,407000
3153,365000
3154,260000
3155,860000
3156,250000
3157,295000
3158,1292100
3159,197000
3160,204300
3161,605000
3162,979480
3163,1108200
3164,140000
3165,368741
3166,545000
3167,430000
3168,667500
3169,424000
3170,1199850
3171,335000
3172,1150000
3173,486000
3174,1030900
3175,538500
3176,1027000
3177,552000
3178,265000
3179,345865
3180,224000
3181,505000
3182,275000
3183,334000
3184,200000
3185,815000
3186,350000
3187,2445000
3188,422000
3189,540474
3190,373100
3191,500000
3192,545000
3193,385000
3194,217950
3195,764165
3196,584800
3197,1310679
3198,527000
3199,890000
3200,450000
3201,784000
3202,367000
3203,548000
3204,150000
3205,2641400
3206,350000
3207,252000
3208,655000
3209,810000
3210,725000
3211,3453100
3212,937900
3213,524000
3214,467000
3215,300000
3216,1715000
3217,244000
3218,771750
3219,280000
3220,675000
3221,640000
3222,218000
3223,1395000
3224,1019308
3225,440000
3226,785000
3227,770300
3228,825000
3229,451000
3230,2150000
3231,255000
3232,522000
3233,2080000
3234,340000
3235,372000
3236,1050000
3237,777500
3238,1040000
3239,1650000
3240,525300
3241,389883
3242,700000
3243,1380000
3244,3820000
3245,395000
3246,1520000
3247,629000
3248,1075000
3249,1500000
3250,364950
3251,381995
3252,525000
3253,406970
3254,424000
3255,531400
3256,534326
3257,365000
3258,2730000
3259,716750
3260,230000
3261,162000
3262,522000
3263,775000
3264,160000
3265,1110245
3266,985222
3267,215000
3268,291000
3269,558500
3270,570000
3271,340000
3272,488000
3273,933900
3274,252000
3275,1500000
3276,152500
3277,460000
3278,1060700
3279,157300
3280,1130000
3281,105000
3282,169000
3283,415000
3284,273250
3285,618120
3286,380000
3287,700700
3288,790800
3289,260000
3290,145000
3291,235000
3292,1070000
3293,330500
3294,908250
3295,137500
3296,1720000
3297,453750
3298,128000
3299,80000
3300,295000
3301,610000
3302,562000
3303,620000
3304,609920
3305,290000
3306,279000
3307,277000
3308,540000
3309,513000
3310,1680000
3311,270000
3312,99000
3313,720000
3314,1550000
3315,1991500
3316,172000
3317,406480
3318,350000
3319,900000
3320,452299
3321,839000
3322,690000
3323,525952
3324,460600
3325,875830
3326,765000
3327,459000
3328,1009850
3329,448000
3330,299000
3331,535000
3332,260000
3333,215000
3334,1898100
3335,663462
3336,1700000
3337,270000
3338,200000
3339,620000
3340,480000
3341,720000
3342,735466
3343,377500
3344,624300
3345,515000
3346,148000
3347,480000
3348,590000
3349,195000
3350,945000
3351,660550
3352,349669
3353,210000
3354,1790000
3355,900000
3356,251300
3357,350000
3358,900000
3359,3295000
3360,3757450
3361,2127700
3362,1085000
3363,508670
3364,95000
3365,115000
3366,1810000
3367,2081450
3368,1190000
3369,350000
3370,504800
3371,746100
3372,399000
3373,97200
3374,150000
3375,425000
3376,335000
3377,498000
3378,310000
3379,475000
3380,1255550
3381,1232000
3382,460000
3383,200000
3384,725000
3385,360000
3386,144000
3387,185000
3388,56500
3389,135000
3390,707000
3391,2500000
3392,330000
3393,505000
3394,386810
3395,582680
3396,245000
3397,530700
3398,710000
3399,569900
3400,847000
3401,2234000
3402,141480
3403,369000
3404,670000
3405,438000
3406,1100000
3407,560000
3408,1010500
3409,470000
3410,150000
3411,279150
3412,175000
3413,220000
3414,540000
3415,247840
3416,243000
3417,565000
3418,462000
3419,152000
3420,509000
3421,478080
3422,1410000
3423,333730
3424,430000
3425,530000
3426,160000
3427,490000
3428,268547
3429,1484500
3430,1000000
3431,315000
3432,516300
3433,462050
3434,540000
3435,362000
3436,1075000
3437,269400
3438,210000
3439,160000
3440,250000
3441,392400
3442,440000
3443,594500
3444,680000
3445,484200
3446,136000
3447,543259
3448,655000
3449,626000
3450,650000
3451,1884000
3452,268985
3453,859350
3454,252000
3455,462000
3456,287940
3457,1695400
3458,690000
3459,3050000
3460,495000
3461,230000
3462,1650000
3463,250000
3464,490000
3465,1791900
3466,242000
3467,2860000
3468,550000
3469,611900
3470,415475
3471,600680
3472,412500
3473,690700
3474,233000
3475,586000
3476,2774820
3477,505000
3478,375000
3479,1212500
3480,168000
3481,1087750
3482,895000
3483,960000
3484,202250
3485,97000
3486,4293200
3487,124000
3488,718500
3489,830000
3490,359000
3491,1320000
3492,2700000
3493,318000
3494,280320
3495,2000000
3496,840000
3497,541500
3498,1600000
3499,416000
3500,540284
3501,812000
3502,290000
3503,305000
3504,282000
3505,400000
3506,520000
3507,389310
3508,245515
3509,383700
3510,232800
3511,840000
3512,1417000
3513,1340000
3514,225000
3515,603865
3516,1150000
3517,265000
3518,307200
3519,669000
3520,180000
3521,500000
3522,1376100
3523,190000
3524,524890
3525,398500
3526,910000
3527,525000
3528,500000
3529,684460
3530,1858450
3531,217500
3532,1400000
3533,354000
3534,481500
3535,445000
3536,964000
3537,190000
3538,1248700
3539,305000
3540,549000
3541,302800
3542,277500
3543,274650
3544,865805
3545,1005000
3546,462600
3547,510000
3548,512000
3549,276445
3550,548152
3551,618700
3552,685000
3553,1015000
3554,482000
3555,450000
3556,135000
3557,185000
3558,450000
3559,575000
3560,214000
3561,1239134
3562,141510
3563,1198000
3564,630810
3565,180000
3566,971154
3567,355000
3568,1142000
3569,320000
3570,562000
3571,680000
3572,744310
3573,245000
3574,430000
3575,520000
3576,1275000
3577,449000
3578,390000
3579,380000
3580,255000
3581,310000
3582,895000
3583,310000
3584,810000
3585,548150
3586,366000
3587,430000
3588,877500
3589,1825000
3590,400000
3591,825000
3592,1245000
3593,1775000
3594,981100
3595,618700
3596,400000
3597,446900
3598,1156000
3599,302000
3600,1364000
3601,587000
3602,545100
3603,985000
3604,250000
3605,920000
3606,142770
3607,213200
3608,295000
3609,166000
3610,337400
3611,2505000
3612,275000
3613,1150000
3614,366520
3615,100000
3616,448780
3617,170000
3618,200000
3619,931000
3620,799000
3621,843688
3622,4550000
3623,1094180
3624,327000
3625,1550000
3626,380000
3627,300000
3628,410850
3629,2805000
3630,350000
3631,780000
3632,350000
3633,203575
3634,337700
3635,245000
3636,375000
3637,310000
3638,1663125
3639,525980
3640,552500
3641,846000
3642,1705000
3643,1717100
3644,455000
3645,775000
3646,3288100
3647,1200000
3648,443750
3649,464000
3650,281000
3651,295850
3652,860000
3653,1705000
3654,600000
3655,1424860
3656,220000
3657,174600
3658,396000
3659,3050000
3660,727000
3661,130000
3662,325000
3663,119000
3664,540000
3665,1259000
3666,229000
3667,1768000
3668,616200
3669,285000
3670,431700
3671,495000
3672,620000
3673,648500
3674,250000
3675,590000
3676,508000
3677,600000
3678,237600
3679,385000
3680,277405
3681,378500
3682,394298
3683,581144
3684,1572000
3685,530000
3686,792500
3687,288000
3688,706247
3689,359140
3690,407520
3691,740000
3692,259000
3693,860000
3694,199000
3695,380000
3696,444000
3697,170425
3698,1170000
3699,1723207
3700,344000
3701,230000
3702,338000
3703,310000
3704,791900
3705,579000
3706,839731
3707,890000
3708,189000
3709,2027000
3710,120000
3711,702000
3712,775000
3713,1900000
3714,1600000
3715,390000
3716,340000
3717,315000
3718,600000
3719,632000
3720,433000
3721,267680
3722,299000
3723,320000
3724,668000
3725,395000
3726,364957
3727,2300000
3728,855688
3729,3000000
3730,813500
3731,455000
3732,1369200
3733,400000
3734,900000
3735,1500000
3736,280000
3737,2100000
3738,1180000
3739,990000
3740,622500
3741,1550000
3742,493500
3743,1246500
3744,320000
3745,285000
3746,180000
3747,729750
3748,230000
3749,550000
3750,1150000
3751,324700
3752,371500
3753,935780
3754,542857
3755,1355000
3756,900000
3757,1660000
3758,400000
3759,512000
3760,500000
3761,385000
3762,235000
3763,130000
3764,270476
3765,470000
3766,1361500
3767,700000
3768,2350000
3769,559000
3770,1127000
3771,653400
3772,360000
3773,565000
3774,546750
3775,620000
3776,480000
3777,200000
3778,210000
3779,585000
3780,1567308
3781,427000
3782,380000
3783,504723
3784,380000
3785,1283000
3786,1030000
3787,420000
3788,255000
3789,965000
3790,318400
3791,693000
3792,760000
3793,385000
3794,2779000
3795,279000
3796,561000
3797,811600
3798,530000
3799,1065850
3800,418000
3801,170000
3802,270000
3803,600000
3804,259000
3805,1128000
3806,1252037
3807,1200000
3808,755000
3809,662000
3810,65000
3811,565000
3812,295225
3813,2692900
3814,380000
3815,3714286
3816,282000
3817,655700
3818,620000
3819,485000
3820,515020
3821,725000
3822,244000
3823,1080000
3824,400000
3825,655000
3826,350000
3827,528000
3828,280000
3829,927800
3830,797780
3831,353000
3832,280000
3833,660000
3834,869100
3835,932220
3836,340000
3837,530000
3838,398980
3839,420850
3840,275000
3841,674000
3842,704000
3843,378820
3844,525000
3845,849200
3846,325000
3847,152000
3848,686000
3849,880800
3850,792500
3851,267800
3852,374900
3853,232000
3854,455000
3855,296735
3856,354500
3857,1227000
3858,259000
3859,460000
3860,534600
3861,222300
3862,500300
3863,360000
3864,365000
3865,326000
3866,380200
3867,828520
3868,430000
3869,235000
3870,767000
3871,170000
3872,300000
3873,160000
3874,353000
3875,498000
3876,1200000
3877,1113200
3878,638000
3879,300000
3880,1500000
3881,750000
3882,698000
3883,330350
3884,390000
3885,656700
3886,1244700
3887,570000
3888,200000
3889,299000
3890,300000
3891,227450
3892,626100
3893,375000
3894,1300000
3895,99800
3896,599000
3897,292000
3898,446600
3899,1988650
3900,160380
3901,959800
3902,465050
3903,379767
3904,297000
3905,292000
3906,779700
3907,757745
3908,1068600
3909,186000
3910,306900
3911,335000
3912,134000
3913,438450
3914,408500
3915,1097550
3916,380270
3917,265000
3918,688450
3919,254920
3920,385000
3921,2333000
3922,539700
3923,253000
3924,345500
3925,422363
3926,335000
3927,519000
3928,650000
3929,270000
3930,306500
3931,1514200
3932,370000
3933,250000
3934,716000
3935,464000
3936,200000
3937,647900
3938,1387000
3939,610000
3940,480875
3941,920000
3942,1669010
3943,675200
3944,930000
3945,1380000
3946,926000
3947,210000
3948,303056
3949,600000
3950,400000
3951,216500
3952,357285
3953,490000
3954,410000
3955,815000
3956,240000
3957,1100000
3958,680000
3959,470000
3960,716200
3961,275000
3962,2200000
3963,298050
3964,1935000
3965,585000
3966,280164
3967,580000
3968,940000
3969,345000
3970,237000
3971,213000
3972,375000
3973,520000
3974,1858600
3975,2791026
3976,285000
3977,580630
3978,254000
3979,259000
3980,740000
3981,1547750
3982,1000000
3983,270250
3984,1741030
3985,863309
3986,1130000
3987,194800
3988,2305000
3989,1950000
3990,328900
3991,1832000
3992,300000
3993,617600
3994,871500
3995,830000
3996,300000
3997,290000
3998,1204000
3999,370000
4000,2763000
4001,915000
4002,394000
4003,1044700
4004,620000
4005,278000
4006,1246500
4007,519000
4008,398000
4009,410000
4010,159800
4011,692000
4012,667500
4013,1102000
4014,510000
4015,1292000
4016,420000
4017,320000
4018,390000
4019,1035500
4020,1250000
4021,410000
4022,505000
4023,322520
4024,552000
4025,243000
4026,600000
4027,525000
4028,543467
4029,900000
4030,391000
4031,458700
4032,360507
4033,380000
4034,4050000
4035,1690000
4036,445000
4037,467500
4038,3100000
4039,357000
4040,405000
4041,230000
4042,315000
4043,233000
4044,430000
4045,925000
4046,1000000
4047,919600
4048,1730000
4049,132965
4050,268000
4051,541000
4052,311050
4053,510000
4054,956700
4055,823680
4056,317850
4057,550000
4058,290000
4059,220000
4060,725000
4061,378250
4062,585000
4063,435000
4064,1386635
4065,599000
4066,208000
4067,460750
4068,450000
4069,1000000
4070,206000
4071,835200
4072,330000
4073,216000
4074,360000
4075,247350
4076,361975
4077,265260
4078,310000
4079,320000
4080,360000
4081,180000
4082,375000
4083,214000
4084,1350050
4085,539560
4086,644405
4087,242500
4088,349300
4089,462300
4090,530000
4091,95000
4092,580000
4093,445000
4094,870000
4095,609000
4096,280000
4097,264000
4098,375000
4099,231400
4100,760000
4101,270000
4102,810000
4103,292000
4104,293000
4105,1167450
4106,380000
4107,335500
4108,605000
4109,420000
4110,805000
4111,735000
4112,610000
4113,1319128
4114,614000
4115,386050
4116,865000
4117,360000
4118,515150
4119,819250
4120,441480
4121,598500
4122,560000
4123,281000
4124,970732
4125,238000
4126,1268900
4127,657000
4128,760000
4129,260000
4130,485000
4131,740000
4132,410000
4133,350000
4134,730000
4135,250950
4136,1850000
4137,372000
4138,361969
4139,353700
4140,327600
4141,377000
4142,288000
4143,441000
4144,390000
4145,320000
4146,815000
4147,224000
4148,1420000
4149,547200
4150,166000
4151,730000
4152,127400
4153,314300
4154,715000
4155,732500
4156,980000
4157,773200
4158,280000
4159,932000
4160,795000
4161,1005900
4162,335000
4163,692600
4164,455000
4165,1624816
4166,115000
4167,249000
4168,293000
4169,470000
4170,623000
4171,577000
4172,346000
4173,1157200
4174,1430400
4175,571000
4176,430410
4177,365000
4178,377000
4179,386072
4180,644000
4181,1125000
4182,351700
4183,194000
4184,300000
4185,520270
4186,301000
4187,350000
4188,534600
4189,168500
4190,449500
4191,1443810
4192,708000
4193,490000
4194,566000
4195,829000
4196,165000
4197,223000
4198,305000
4199,510000
4200,370000
4201,1080000
4202,335000
4203,337142
4204,376000
4205,2450000
4206,105000
4207,366000
4208,305000
4209,612000
4210,199500
4211,161000
4212,470000
4213,87000
4214,552000
4215,370000
4216,410000
4217,387500
4218,230000
4219,310000
4220,1064000
4221,269000
4222,614100
4223,1058000
4224,500000
4225,360000
4226,667200
4227,1350000
4228,721350
4229,790000
4230,720000
4231,140000
4232,160000
4233,160000
4234,571000
4235,230000
4236,262000
4237,350000
4238,600000
4239,650000
4240,200000
4241,224550
4242,889700
4243,640000
4244,415000
4245,490000
4246,495000
4247,1440000
4248,270000
4249,325000
4250,1318000
4251,620000
4252,167500
4253,442450
4254,1057692
4255,614000
4256,647000
4257,355000
4258,1100000
4259,240000
4260,412750
4261,745000
4262,798800
4263,312000
4264,1075000
4265,240000
4266,337035
4267,674950
4268,260000
4269,214000
4270,193000
4271,4490000
4272,1206310
4273,164000
4274,333300
4275,851000
4276,1150000
4277,238000
4278,664200
4279,624000
4280,267000
4281,175000
4282,3035000
4283,1234600
4284,620000
4285,845000
4286,2550000
4287,309000
4288,432500
4289,240000
4290,315000
4291,440000
4292,359000
4293,878000
4294,431862
4295,257201
4296,400000
4297,950000
4298,880000
4299,663100
4300,460000
4301,495000
4302,237000
4303,495950
4304,245500
4305,562000
4306,390000
4307,238550
4308,360000
4309,710100
4310,245000
4311,731250
4312,733850
4313,891342
4314,350000
4315,915000
4316,210000
4317,408700
4318,225000
4319,1820000
4320,537334
4321,553000
4322,581300
4323,202000
4324,2150000
4325,775000
4326,455000
4327,569000
4328,287000
4329,299000
4330,261550
4331,635000
4332,1286450
4333,86000
4334,1395750
4335,365000
4336,375300
4337,277950
4338,1174520
4339,835000
4340,410000
4341,703270
4342,610000
4343,673000
4344,179000
4345,285000
4346,228000
4347,410900
4348,730500
4349,215000
4350,215000
4351,420000
4352,450000
4353,320000
4354,290000
4355,418340
4356,353054
4357,480000
4358,1100000
4359,388032
4360,505000
4361,308500
4362,457000
4363,218000
4364,715000
4365,430000
4366,250000
4367,265000
4368,254000
4369,270810
4370,520000
4371,815000
4372,888000
4373,3590000
4374,195710
4375,610000
4376,1365000
4377,672500
4378,820000
4379,902000
4380,1465397
4381,284000
4382,530000
4383,500000
4384,325000
4385,312900
4386,1222000
4387,585000
4388,297000
4389,51240
4390,182730
4391,407000
4392,278000
4393,527900
4394,180000
4395,227000
4396,577000
4397,353000
4398,517900
4399,1599900
4400,731750
4401,387000
4402,625450
4403,415000
4404,345000
4405,863714
4406,147242
4407,1520000
4408,165000
4409,340000
4410,1548055
4411,249000
4412,600000
4413,545000
4414,2764500
4415,195900
4416,692500
4417,1473000
4418,735000
4419,1182000
4420,299400
4421,378150
4422,592500
4423,1640000
4424,319000
4425,1900000
4426,586600
4427,1262136
4428,600000
4429,790000
4430,302000
4431,600000
4432,210720
4433,126900
4434,334650
4435,100000
4436,380000
4437,295000
4438,265000
4439,580000
4440,520670
4441,590000
4442,303000
4443,572200
4444,391600
4445,370000
4446,480800
4447,700700
4448,75000
4449,332000
4450,91500
4451,88400
4452,210000
4453,516519
4454,278850
4455,606900
4456,365070
4457,399800
4458,630000
4459,877640
4460,390600
4461,275000
4462,1160000
4463,1530000
4464,806300
4465,516750
4466,295000
4467,393000
4468,130000
4469,527895
4470,710600
4471,225000
4472,150000
4473,265000
4474,720000
4475,258057
4476,115000
4477,180000
4478,410000
4479,400000
4480,300000
4481,348000
4482,324000
4483,490400
4484,594359
4485,2145000
4486,865540
4487,488000
4488,868000
4489,580000
4490,345000
4491,1522500
4492,560000
4493,518000
4494,495000
4495,2700000
4496,664253
4497,650000
4498,395000
4499,800000
4500,300000
4501,1045000
4502,253000
4503,255000
4504,256800
4505,478150
4506,350000
4507,1075000
4508,769700
4509,554500
4510,1100000
4511,311573
4512,632500
4513,487000
4514,931000
4515,200000
4516,646000
4517,750000
4518,989730
4519,197577
4520,585000
4521,198000
4522,397950
4523,405000
4524,572650
4525,560000
4526,638000
4527,430000
4528,580000
4529,140000
4530,710000
4531,581350
4532,330000
4533,343580
4534,501600
4535,1910000
4536,600700
4537,1103846
4538,654000
4539,360000
4540,285000
4541,509607
4542,900000
4543,560600
4544,366100
4545,509100
4546,180000
4547,695650
4548,1071840
4549,670000
4550,170000
4551,450000
4552,250000
4553,329756
4554,740000
4555,450000
4556,1255000
4557,575000
4558,450000
4559,305000
4560,545000
4561,185000
4562,375950
4563,1175000
4564,608000
4565,422000
4566,1025000
4567,830000
4568,1023000
4569,300600
4570,990000
4571,340000
4572,182000
4573,2301000
4574,850000
4575,290000
4576,1280000
4577,275000
4578,685000
4579,293605
4580,350000
4581,330000
4582,337000
4583,876350
4584,1350000
4585,670000
4586,588400
4587,1610000
4588,333000
4589,1210000
4590,1873500
4591,250000
4592,399000
4593,126280
4594,765000
4595,145000
4596,635000
4597,530000
4598,770000
4599,2150000
4600,650000
4601,606225
4602,427500
4603,305000
4604,100000
4605,319000
4606,580000
4607,876560
4608,445000
4609,1340000
4610,362000
4611,505631
4612,567000
4613,350000
4614,189000
4615,650000
4616,1351100
4617,920000
4618,487800
4619,710550
4620,1046800
4621,253000
4622,380000
4623,223000
4624,890000
4625,1384580
4626,1310469
4627,973000
4628,262000
4629,361550
4630,304000
4631,1080000
4632,1266575
4633,225000
4634,1670000
4635,212300
4636,1547400
4637,3735000
4638,3680000
4639,615000
4640,1239000
4641,300000
4642,2800000
4643,318800
4644,390000
4645,600000
4646,335000
4647,180000
4648,447700
4649,165000
4650,1450000
4651,621000
4652,580000
4653,637400
4654,470000
4655,1700000
4656,234000
4657,1324925
4658,504550
4659,535000
4660,650000
4661,229000
4662,525000
4663,976000
4664,522000
4665,2844000
4666,337150
4667,139000
4668,3540000
4669,630000
4670,280000
4671,954900
4672,100000
4673,530000
4674,424990
4675,289300
4676,1360000
4677,733000
4678,1450000
4679,840000
4680,690000
4681,1111900
4682,777070
4683,285000
4684,630000
4685,220000
4686,425000
4687,1245500
4688,1176820
4689,568273
4690,750000
4691,325000
4692,300000
4693,870000
4694,527220
4695,475000
4696,234500
4697,620000
4698,545000
4699,260000
4700,490000
4701,956600
4702,458200
4703,216000
4704,535000
4705,1550000
4706,327000
4707,311300
4708,494100
4709,499000
4710,595000
4711,269400
4712,330000
4713,664100
4714,310000
4715,260000
4716,231200
4717,380000
4718,4200000
4719,530000
4720,820000
4721,833800
4722,296990
4723,306000
4724,327000
4725,420000
4726,311000
4727,471000
4728,620000
4729,389865
4730,283000
4731,503650
4732,220000
4733,565000
4734,383300
4735,310000
4736,292850
4737,340000
4738,1238000
4739,500000
4740,310310
4741,758000
4742,383300
4743,965520
4744,840000
4745,427000
4746,1260000
4747,334500
4748,360000
4749,481560
4750,705000
4751,240000
4752,470000
4753,2270000
4754,210000
4755,84000
4756,192950
4757,453000
4758,590000
4759,793700
4760,1085000
